yahoo_player_id,yahoo_name,team_abbr,display_position,primary_position,eligible_positions
10607,Andy Ibáñez,ATH,"1B,2B,3B",1B,"1B,2B,3B,IF,Util"
11450,Ben Bowden,ATH,RP,RP,"RP,P,NA"
63477,Brady Basso,ATH,"SP,RP",SP,"SP,RP,P,NA"
10917,Brent Rooker,ATH,"LF,RF",LF,"LF,RF,OF,Util"
60312,Brett Harris,ATH,3B,3B,"3B,IF,Util,NA"
11691,Brooks Kriske,ATH,RP,RP,"RP,P,NA"
12707,Cade Marlowe,ATH,LF,LF,"LF,OF,Util,NA"
12488,Carlos Cortes,ATH,"LF,RF",LF,"LF,RF,OF,Util"
60311,Colby Thomas,ATH,"LF,CF,RF",LF,"LF,CF,RF,OF,Util"
60315,Cooper Bowman,ATH,"2B,CF",2B,"2B,IF,CF,OF,Util,NA"
60638,Darell Hernaiz,ATH,"2B,3B,SS",2B,"2B,3B,SS,IF,Util"
12504,Denzel Clarke,ATH,CF,CF,"CF,OF,Util"
64804,Eduarniel Núñez,ATH,RP,RP,"RP,P,NA"
60180,Elvis Alvarado,ATH,RP,RP,"RP,P"
11587,Geoff Hartlieb,ATH,RP,RP,"RP,P,NA"
12569,Gunnar Hoglund,ATH,SP,SP,"SP,P"
64816,Henry Baez,ATH,SP,SP,"SP,P,NA"
12718,Hogan Harris,ATH,"SP,RP",SP,"SP,RP,P"
12158,J.T. Ginn,ATH,"SP,RP",SP,"SP,RP,P"
62461,Jack Perkins,ATH,"SP,RP",SP,"SP,RP,P"
62642,Jacob Lopez,ATH,SP,SP,"SP,P"
62976,Jacob Wilson,ATH,SS,SS,"SS,IF,Util"
12362,Joey Estes,ATH,SP,SP,"SP,P,NA"
63720,Justin Sterner,ATH,RP,RP,"RP,P"
12719,Lawrence Butler,ATH,"CF,RF",CF,"CF,RF,OF,Util"
11354,Luis Medina,ATH,SP,SP,"SP,P"
63613,Luis Morales,ATH,SP,SP,"SP,P"
60207,Mason Barnett,ATH,SP,SP,"SP,P,NA"
12712,Matt Krook,ATH,RP,RP,"RP,P,NA"
12501,Max Muncy,ATH,"2B,3B,SS",2B,"2B,3B,SS,IF,Util"
12636,Michael Kelly,ATH,RP,RP,"RP,P"
12649,Michael Stefanic,ATH,2B,2B,"2B,IF,Util,NA"
61280,Nick Hernandez,ATH,RP,RP,"RP,P,NA"
64313,Nick Kurtz,ATH,1B,1B,"1B,IF,Util"
11728,Shea Langeliers,ATH,C,C,"C,Util"
61755,Tyler Ferguson,ATH,RP,RP,"RP,P"
12005,Tyler Soderstrom,ATH,"1B,LF",1B,"1B,IF,LF,OF,Util"
12503,Zack Gelof,ATH,2B,2B,"2B,IF,Util"
12366,AJ Smith-Shawver,ATL,SP,SP,"SP,P"
11758,Aaron Schunk,ATL,"2B,3B,SS",2B,"2B,3B,SS,IF,Util,NA"
63976,Anderson Pilar,ATL,RP,RP,"RP,P,NA"
60035,Anthony Molina,ATL,RP,RP,"RP,P,NA"
11469,Austin Cox,ATL,RP,RP,"RP,P,NA"
63774,Austin Pope,ATL,RP,RP,"RP,P,NA"
12735,Brett Wisely,ATL,"2B,SS",2B,"2B,SS,IF,Util"
11570,Brewer Hicklen,ATL,RF,RF,"RF,OF,Util,NA"
12120,Bryce Elder,ATL,SP,SP,"SP,P"
12009,Chadwick Tromp,ATL,C,C,"C,Util,NA"
61672,DaShawn Keirsey Jr.,ATL,"LF,CF,RF",LF,"LF,CF,RF,OF,Util,NA"
12609,Danny Young,ATL,RP,RP,"RP,P,IL"
63278,Daysbel Hernández,ATL,RP,RP,"RP,P"
62487,Didier Fuentes,ATL,SP,SP,"SP,P"
60077,Drake Baldwin,ATL,C,C,"C,Util"
12367,Dylan Dodd,ATL,"SP,RP",SP,"SP,RP,P"
12275,Dylan Lee,ATL,RP,RP,"RP,P"
11402,Eli White,ATL,"LF,CF,RF",LF,"LF,CF,RF,OF,Util"
10549,Grant Holmes,ATL,"SP,RP",SP,"SP,RP,P"
63800,Hayden Harris,ATL,RP,RP,"RP,P,NA"
61942,Hunter Stratton,ATL,RP,RP,"RP,P,NA"
62958,Hurston Waldrep,ATL,SP,SP,"SP,P"
62102,Jack Dashwood,ATL,RP,RP,"RP,P"
62189,Jair Camargo,ATL,C,C,"C,Util,IL"
64912,Jhancarlos Lara,ATL,SP,SP,"SP,P,NA"
10426,Joey Wentz,ATL,"SP,RP",SP,"SP,RP,P"
10476,José Azócar,ATL,"LF,CF,RF",LF,"LF,CF,RF,OF,Util,NA"
11893,Kyle Nelson,ATL,RP,RP,"RP,P"
12207,Luke Williams,ATL,"2B,SS",2B,"2B,SS,IF,Util,NA"
12646,Matthew Batten,ATL,1B,1B,"1B,IF,Util,NA"
62057,Nacho Alvarez Jr.,ATL,"2B,3B",2B,"2B,3B,IF,Util,NA"
63721,Nathan Wiles,ATL,RP,RP,"RP,P,NA"
12354,Robert Suarez,ATL,RP,RP,"RP,P"
62062,Rolddy Muñoz,ATL,RP,RP,"RP,P,NA"
12363,Spencer Schwellenbach,ATL,SP,SP,"SP,P"
11593,Tayler Scott,ATL,RP,RP,"RP,P,NA"
61859,Tristin English,ATL,"1B,3B,RF",1B,"1B,3B,IF,RF,OF,Util,NA"
12202,Zach Thompson,ATL,RP,RP,"RP,P,NA"
12359,Adrian Del Castillo,AZ,C,C,"C,Util"
11267,Alek Thomas,AZ,CF,CF,"CF,OF,Util"
60204,Andrew Hoffmann,AZ,RP,RP,"RP,P"
61757,Andrew Saalfrank,AZ,RP,RP,"RP,P"
11727,Blake Walston,AZ,RP,RP,"RP,P"
60056,Brandon Pfaadt,AZ,SP,SP,"SP,P"
64030,Brandyn Garcia,AZ,"SP,RP",SP,"SP,RP,P"
11968,Bryce Jarvis,AZ,RP,RP,"RP,P,NA"
60562,Christian Montes De Oca,AZ,RP,RP,"RP,P,NA"
11722,Corbin Carroll,AZ,"CF,RF",CF,"CF,RF,OF,Util"
60158,Cristian Mena,AZ,SP,SP,"SP,P"
11724,Drey Jameson,AZ,RP,RP,"RP,P,NA"
11417,Geraldo Perdomo,AZ,SS,SS,"SS,IF,Util"
12506,Grant Holman,AZ,RP,RP,"RP,P,NA"
11825,Isaiah Campbell,AZ,RP,RP,"RP,P,NA"
11777,Jacob Amaya,AZ,SS,SS,"SS,IF,Util,NA"
60067,Joe Elbis,AZ,SP,SP,"SP,P,NA"
12355,Jordan Lawlar,AZ,"3B,SS",3B,"3B,SS,IF,Util"
12749,Jorge Barrosa,AZ,"LF,CF",LF,"LF,CF,OF,Util"
63987,Juan Burgos,AZ,RP,RP,"RP,P,NA"
62467,Juan Morillo,AZ,RP,RP,"RP,P"
12750,Justin Martinez,AZ,RP,RP,"RP,P"
60896,Kade Strowd,AZ,RP,RP,"RP,P"
11626,Kevin Ginkel,AZ,RP,RP,"RP,P"
11390,Luken Baker,AZ,1B,1B,"1B,IF,Util,NA"
10842,Pavin Smith,AZ,"1B,LF,RF",1B,"1B,IF,LF,RF,OF,Util"
63171,Philip Abner,AZ,RP,RP,"RP,P"
11889,Ryan Thompson,AZ,RP,RP,"RP,P"
12356,Ryne Nelson,AZ,"SP,RP",SP,"SP,RP,P"
11902,Shawn Dubin,AZ,RP,RP,"RP,P,NA"
64065,Taylor Rashi,AZ,RP,RP,"RP,P,NA"
10859,Thomas Hatch,AZ,"SP,RP",SP,"SP,RP,P,NA"
60064,Tim Tawa,AZ,"1B,2B,LF,CF",1B,"1B,2B,IF,LF,CF,OF,Util"
11969,Tommy Henry,AZ,SP,SP,"SP,P,NA"
60581,Tyler Locklear,AZ,1B,1B,"1B,IF,Util"
60566,Yilber Díaz,AZ,SP,SP,"SP,P,NA"
11415,Blaze Alexander,BAL,"2B,3B,SS",2B,"2B,3B,SS,IF,Util"
64813,Brandon Young,BAL,SP,SP,"SP,P,NA"
12417,Bryan Ramos,BAL,3B,3B,"3B,IF,Util"
60658,Cade Povich,BAL,SP,SP,"SP,P,NA"
64815,Carson Ragsdale,BAL,SP,SP,"SP,P,NA"
12438,Chayce McDermott,BAL,SP,SP,"SP,P,NA"
12372,Coby Mayo,BAL,"1B,3B",1B,"1B,3B,IF,Util"
12196,Cody Poteet,BAL,SP,SP,"SP,P,NA"
12757,Colin Selby,BAL,RP,RP,"RP,P"
12369,Colton Cowser,BAL,"LF,CF,RF",LF,"LF,CF,RF,OF,Util"
11428,Dean Kremer,BAL,SP,SP,"SP,P"
10783,Dietrich Enns,BAL,"SP,RP",SP,"SP,RP,P"
60091,Dylan Beavers,BAL,"LF,RF",LF,"LF,RF,OF,Util"
12291,Elvin Rodríguez,BAL,"SP,RP",SP,"SP,RP,P,NA"
11473,Emmanuel Rivera,BAL,"1B,3B",1B,"1B,3B,IF,Util,NA"
63647,Grant Wolfram,BAL,RP,RP,"RP,P"
10955,Hans Crouse,BAL,RP,RP,"RP,P,NA"
12121,Heston Kjerstad,BAL,"LF,RF",LF,"LF,RF,OF,Util,IL"
60090,Jackson Holliday,BAL,"2B,SS",2B,"2B,SS,IF,Util"
11320,Jackson Kowar,BAL,RP,RP,"RP,P,IL"
11325,Jeremiah Jackson,BAL,"3B,SS,RF",3B,"3B,SS,IF,RF,OF,Util"
12313,Jhonkensy Noel,BAL,"1B,RF",1B,"1B,IF,RF,OF,Util,NA"
12122,Jordan Westburg,BAL,"2B,3B",2B,"2B,3B,IF,Util"
62403,Jose Espada,BAL,RP,RP,"RP,P"
12492,Josh Walker,BAL,RP,RP,"RP,P,NA"
11291,José Barrero,BAL,"SS,CF",SS,"SS,IF,CF,OF,Util,NA"
11032,José Castillo,BAL,RP,RP,"RP,P,NA"
63530,Juan Nuñez,BAL,SP,SP,"SP,P,NA"
10431,Keegan Akin,BAL,"SP,RP",SP,"SP,RP,P"
12345,Kyle Bradish,BAL,SP,SP,"SP,P"
11328,Livan Soto,BAL,IF,IF,"IF,Util,NA"
63806,Luis González,BAL,RP,RP,"RP,P,NA"
61911,Luis Vázquez,BAL,"3B,SS",3B,"3B,SS,IF,Util,NA"
60901,Maverick Handley,BAL,C,C,"C,Util,NA"
11453,Rico Garcia,BAL,RP,RP,"RP,P"
12765,Ryan Noda,BAL,1B,1B,"1B,IF,Util,NA"
11849,Sam Huff,BAL,C,C,"C,Util,NA"
60092,Samuel Basallo,BAL,"C,1B",C,"C,1B,IF,Util"
11303,Terrin Vavra,BAL,2B,2B,"2B,IF,Util,NA"
60595,Weston Wilson,BAL,"2B,LF",2B,"2B,IF,LF,OF,Util,NA"
61943,Will Robertson,BAL,"LF,RF",LF,"LF,RF,OF,Util,NA"
64789,Yaramil Hiraldo,BAL,RP,RP,"RP,P"
12614,Yennier Cano,BAL,RP,RP,"RP,P"
61600,Andruw Monasterio,BOS,"1B,2B,3B,SS",1B,"1B,2B,3B,SS,IF,Util"
11356,Anthony Seigler,BOS,"C,2B,3B",C,"C,2B,3B,IF,Util"
12330,Brayan Bello,BOS,SP,SP,"SP,P"
61788,Caleb Durbin,BOS,"2B,3B,SS",2B,"2B,3B,SS,IF,Util"
60536,Carlos Narváez,BOS,C,C,"C,Util"
12730,Ceddanne Rafaela,BOS,"2B,SS,CF",2B,"2B,SS,IF,CF,OF,Util"
63143,Connelly Early,BOS,SP,SP,"SP,P"
11483,Connor Wong,BOS,"C,1B",C,"C,1B,IF,Util"
61836,Devin Sweet,BOS,RP,RP,"RP,P,NA"
12046,Garrett Crochet,BOS,SP,SP,"SP,P"
11358,Garrett Whitlock,BOS,"SP,RP",SP,"SP,RP,P"
12685,Greg Weissert,BOS,RP,RP,"RP,P"
11735,Jarren Duran,BOS,"LF,CF",LF,"LF,CF,OF,Util"
12637,Jason Delay,BOS,C,C,"C,Util,NA"
11838,Johan Oviedo,BOS,SP,SP,"SP,P"
12269,Jovani Morán,BOS,RP,RP,"RP,P"
63500,Justin Slaten,BOS,RP,RP,"RP,P"
63128,Kristian Campbell,BOS,"2B,CF",2B,"2B,IF,CF,OF,Util"
11431,Kutter Crawford,BOS,SP,SP,"SP,P,IL"
12375,Marcelo Mayer,BOS,"2B,3B,SS",2B,"2B,3B,SS,IF,Util,IL"
12763,Masataka Yoshida,BOS,LF,LF,"LF,OF,Util"
10497,Matt Thaiss,BOS,C,C,"C,Util,NA"
61785,Mickey Gasper,BOS,"C,IF",C,"C,IF,Util"
12656,Nate Eaton,BOS,"3B,CF,RF",3B,"3B,IF,CF,RF,OF,Util"
60891,Nick Sogard,BOS,"1B,2B,3B,SS",1B,"1B,2B,3B,SS,IF,Util"
64394,Payton Tolle,BOS,SP,SP,"SP,P"
60108,Roman Anthony,BOS,"LF,CF,RF",LF,"LF,CF,RF,OF,Util"
12262,Romy Gonzalez,BOS,"1B,2B,3B,SS",1B,"1B,2B,3B,SS,IF,Util,NA"
12273,Seth Martinez,BOS,RP,RP,"RP,P,NA"
11279,Triston Casas,BOS,1B,1B,"1B,IF,Util,IL"
63486,Tsung-Che Cheng,BOS,"2B,SS",2B,"2B,SS,IF,Util"
12607,Vinny Capra,BOS,"3B,SS",3B,"3B,SS,IF,Util,NA"
12731,Wilyer Abreu,BOS,"LF,CF,RF",LF,"LF,CF,RF,OF,Util"
12686,Zack Kelly,BOS,"SP,RP",SP,"SP,RP,P"
12748,Ben Brown,CHC,"SP,RP",SP,"SP,RP,P"
61691,Ben Cowles,CHC,"2B,3B,SS",2B,"2B,3B,SS,IF,Util,NA"
60118,Cade Horton,CHC,SP,SP,"SP,P"
11912,Chas McCormick,CHC,"LF,CF,RF",LF,"LF,CF,RF,OF,Util,NA"
12334,Collin Snider,CHC,RP,RP,"RP,P,NA"
11316,Corbin Martin,CHC,RP,RP,"RP,P,NA"
60121,Daniel Palencia,CHC,RP,RP,"RP,P"
12327,Ethan Roberts,CHC,RP,RP,"RP,P"
12702,Gavin Hollowell,CHC,RP,RP,"RP,P"
62326,Jack Neely,CHC,RP,RP,"RP,P,NA"
12682,Javier Assad,CHC,SP,SP,"SP,P"
12384,Jordan Wicks,CHC,"SP,RP",SP,"SP,RP,P"
60883,Justin Dean,CHC,CF,CF,"CF,OF,Util,NA"
11802,Kevin Alcantara,CHC,RF,RF,"RF,OF,Util"
60126,Luke Little,CHC,RP,RP,"RP,P,NA"
62984,Matt Shaw,CHC,"2B,3B,SS",2B,"2B,3B,SS,IF,Util"
11778,Michael Busch,CHC,1B,1B,"1B,IF,Util"
11075,Miguel Amaya,CHC,C,C,"C,Util"
60120,Moisés Ballesteros,CHC,C,C,"C,Util"
11824,Owen Miller,CHC,1B,1B,"1B,IF,Util,NA"
12157,Pete Crow-Armstrong,CHC,CF,CF,"CF,OF,Util"
60122,Porter Hodge,CHC,RP,RP,"RP,P"
11301,Ryan Rolison,CHC,RP,RP,"RP,P,NA"
63640,Shota Imanaga,CHC,SP,SP,"SP,P"
12395,Andrew Abbott,CIN,SP,SP,"SP,P"
11990,Anthony Misiewicz,CIN,RP,RP,"RP,P,NA"
62315,Blake Dunn,CIN,"LF,RF",LF,"LF,RF,OF,Util,NA"
11829,Brandon Williamson,CIN,SP,SP,"SP,P,IL"
63341,Carson Spiers,CIN,"SP,RP",SP,"SP,RP,P,NA"
64316,Chase Burns,CIN,"SP,RP",SP,"SP,RP,P"
12484,Chase Petty,CIN,SP,SP,"SP,P,NA"
60131,Christian Encarnacion-Strand,CIN,"1B,3B",1B,"1B,3B,IF,Util,NA"
12173,Connor Phillips,CIN,"SP,RP",SP,"SP,RP,P"
62217,Dane Myers,CIN,"LF,CF,RF",LF,"LF,CF,RF,OF,Util"
12232,Darren McCaughan,CIN,"SP,RP",SP,"SP,RP,P,NA"
12634,Davis Daniel,CIN,SP,SP,"SP,P,NA"
12393,Elly De La Cruz,CIN,SS,SS,"SS,IF,Util"
12392,Graham Ashcraft,CIN,"SP,RP",SP,"SP,RP,P"
12343,Hagen Danner,CIN,RP,RP,"RP,P,NA"
11782,JJ Bleday,CIN,"LF,CF,RF",LF,"LF,CF,RF,OF,Util"
11045,Jose Trevino,CIN,C,C,"C,Util"
63548,Julian Aguiar,CIN,SP,SP,"SP,P,NA"
60341,Kyle Nicolas,CIN,RP,RP,"RP,P"
64812,Luis Mey,CIN,RP,RP,"RP,P"
11444,Lyon Richardson,CIN,RP,RP,"RP,P,NA"
12390,Matt McLain,CIN,"2B,SS",2B,"2B,SS,IF,Util"
11759,Michael Toglia,CIN,"1B,RF",1B,"1B,IF,RF,OF,Util,NA"
11529,Noelvi Marte,CIN,"3B,RF",3B,"3B,IF,RF,OF,Util"
62011,Randy Wynne,CIN,"SP,RP",SP,"SP,RP,P,NA"
11748,Rece Hinds,CIN,RF,RF,"RF,OF,Util"
62977,Rhett Lowder,CIN,SP,SP,"SP,P,IL"
60129,Sal Stewart,CIN,"1B,2B,3B",1B,"1B,2B,3B,IF,Util"
65387,Sam Benschoter,CIN,RP,RP,"RP,P,NA"
12688,Spencer Steer,CIN,"1B,LF",1B,"1B,IF,LF,OF,Util"
11290,TJ Friedl,CIN,"LF,CF",LF,"LF,CF,OF,Util"
10864,Tony Santillan,CIN,RP,RP,"RP,P"
11334,Will Banfield,CIN,C,C,"C,Util,NA"
10464,Will Benson,CIN,"LF,CF,RF",LF,"LF,CF,RF,OF,Util"
63552,Zach Maxwell,CIN,RP,RP,"RP,P"
62751,Andrew Walters,CLE,RP,RP,"RP,P,IL"
12400,Angel Martínez,CLE,"2B,LF,CF",2B,"2B,IF,LF,CF,OF,Util"
11296,Bo Naylor,CLE,C,C,"C,Util"
11448,Brayan Rocchio,CLE,"2B,SS",2B,"2B,SS,IF,Util"
62758,CJ Kayfus,CLE,"1B,LF,RF",1B,"1B,IF,LF,RF,OF,Util"
60016,Cade Smith,CLE,RP,RP,"RP,P"
11470,Carlos Hernández,CLE,RP,RP,"RP,P,NA"
10966,Carter Kieboom,CLE,"1B,2B,3B",1B,"1B,2B,3B,IF,Util,NA"
11959,Codi Heuer,CLE,RP,RP,"RP,P,NA"
12616,Colin Holderman,CLE,RP,RP,"RP,P"
11955,Connor Brogdon,CLE,RP,RP,"RP,P"
11753,Daniel Espino,CLE,SP,SP,"SP,P"
61948,Daniel Schneemann,CLE,"2B,3B,SS,CF,RF",2B,"2B,3B,SS,IF,CF,RF,OF,Util"
61262,David Fry,CLE,"C,1B,LF,RF",C,"C,1B,IF,LF,RF,OF,Util"
10650,Dom Nuñez,CLE,C,C,"C,Util,NA"
12403,Doug Nikhazy,CLE,SP,SP,"SP,P,NA"
63091,Erik Sabrowski,CLE,RP,RP,"RP,P"
61927,Franco Aleman,CLE,RP,RP,"RP,P"
11524,Gabriel Arias,CLE,"2B,3B,SS",2B,"2B,3B,SS,IF,Util"
12401,Gavin Williams,CLE,SP,SP,"SP,P"
11298,George Valera,CLE,"LF,RF",LF,"LF,RF,OF,Util"
12665,Hunter Gaddis,CLE,RP,RP,"RP,P"
11823,Joey Cantillo,CLE,"SP,RP",SP,"SP,RP,P"
61828,Johnathan Rodríguez,CLE,RF,RF,"RF,OF,Util,NA"
12734,Juan Brito,CLE,"2B,3B,SS,RF",2B,"2B,3B,SS,IF,RF,OF,Util"
60411,Kyle Manzardo,CLE,1B,1B,"1B,IF,Util"
60139,Logan Allen,CLE,SP,SP,"SP,P"
12699,Luis L. Ortiz,CLE,"SP,RP",SP,"SP,RP,P,NA"
10463,Nolan Jones,CLE,"LF,CF,RF",LF,"LF,CF,RF,OF,Util"
60042,Parker Messick,CLE,SP,SP,"SP,P"
12404,Petey Halpin,CLE,CF,CF,"CF,OF,Util"
12118,Slade Cecconi,CLE,"SP,RP",SP,"SP,RP,P"
11289,Stuart Fairchild,CLE,"LF,CF,RF",LF,"LF,CF,RF,OF,Util,NA"
60137,Tanner Bibee,CLE,SP,SP,"SP,P"
12733,Tim Herrin,CLE,RP,RP,"RP,P"
12411,Adael Amador,COL,2B,2B,"2B,IF,Util,NA"
11599,Austin Nola,COL,C,C,"C,Util,NA"
61593,Blaine Crim,COL,1B,1B,"1B,IF,Util"
60687,Braxton Fulford,COL,C,C,"C,Util"
12661,Brennan Bernardino,COL,"SP,RP",SP,"SP,RP,P"
12136,Brenton Doyle,COL,CF,CF,"CF,OF,Util"
12063,Brett Sullivan,COL,C,C,"C,Util,NA"
60152,Carson Palmquist,COL,SP,SP,"SP,P,NA"
62197,Chad Stevens,COL,2B,2B,"2B,IF,Util,NA"
62975,Chase Dollander,COL,SP,SP,"SP,P"
61269,Drew Avans,COL,"CF,RF",CF,"CF,RF,OF,Util,NA"
61935,Dugan Darnell,COL,RP,RP,"RP,P,IL"
12729,Edouard Julien,COL,"1B,2B",1B,"1B,2B,IF,Util"
64866,Eiberson Castellano,COL,SP,SP,"SP,P,NA"
63338,Evan Justice,COL,RP,RP,"RP,P,NA"
12322,Ezequiel Tovar,COL,SS,SS,"SS,IF,Util"
12409,Hunter Goodman,COL,"C,LF,RF",C,"C,LF,RF,OF,Util"
12407,Jaden Hill,COL,RP,RP,"RP,P"
12163,Jeff Criswell,COL,RP,RP,"RP,P,IL"
60147,Jordan Beck,COL,"LF,RF",LF,"LF,RF,OF,Util"
63479,Juan Mejia,COL,RP,RP,"RP,P"
62831,Kyle Karros,COL,3B,3B,"3B,IF,Util"
12001,Kyle McCann,COL,C,C,"C,Util,NA"
12103,Lucas Gilbreath,COL,RP,RP,"RP,P,NA"
64787,Luis Peralta,COL,RP,RP,"RP,P,NA"
66363,McCade Brown,COL,SP,SP,"SP,P"
1000005,Michael Lorenzen (Batter),COL,CF,CF,"CF,OF,Util"
10557,Mickey Moniak,COL,"LF,CF,RF",LF,"LF,CF,RF,OF,Util"
11321,Nicky Lopez,COL,"2B,3B,SS",2B,"2B,3B,SS,IF,Util,NA"
65272,Pierson Ohl,COL,"SP,RP",SP,"SP,RP,P"
11804,Roansy Contreras,COL,"SP,RP",SP,"SP,RP,P,NA"
12265,Ryan Feltner,COL,SP,SP,"SP,P,IL"
60154,Ryan Ritter,COL,"2B,SS",2B,"2B,SS,IF,Util"
12639,Sean Bouchard,COL,"LF,RF",LF,"LF,RF,OF,Util,NA"
63214,Seth Halvorsen,COL,RP,RP,"RP,P"
63288,Tanner Gordon,COL,SP,SP,"SP,P,NA"
64895,Tomoyuki Sugano,COL,SP,SP,"SP,P"
60622,Troy Johnston,COL,"1B,LF,RF",1B,"1B,IF,LF,RF,OF,Util"
11754,Tyler Freeman,COL,"2B,SS,CF,RF",2B,"2B,SS,IF,CF,RF,OF,Util"
64300,Valente Bellozo,COL,"SP,RP",SP,"SP,RP,P,NA"
12368,Victor Vodnik,COL,RP,RP,"RP,P"
11716,Vimael Machín,COL,3B,3B,"3B,IF,Util,NA"
12133,Zac Veen,COL,"LF,RF",LF,"LF,RF,OF,Util"
64286,Zach Agnos,COL,RP,RP,"RP,P"
11074,Bobby Dalbec,CWS,"1B,3B",1B,"1B,3B,IF,Util,NA"
60711,Brandon Eisert,CWS,"SP,RP",SP,"SP,RP,P"
63544,Brooks Baldwin,CWS,"2B,3B,SS,LF,CF,RF",2B,"2B,3B,SS,IF,LF,CF,RF,OF,Util"
62504,Chase Meidroth,CWS,"2B,3B,SS",2B,"2B,3B,SS,IF,Util"
12376,Chris Murphy,CWS,RP,RP,"RP,P"
12413,Colson Montgomery,CWS,"3B,SS",3B,"3B,SS,IF,Util"
12558,Curtis Mead,CWS,"1B,2B,3B",1B,"1B,2B,3B,IF,Util"
61820,Darren Baker,CWS,2B,2B,"2B,IF,Util,NA"
12617,Davis Martin,CWS,SP,SP,"SP,P"
12134,Drew Romo,CWS,C,C,"C,Util,NA"
60297,Drew Thorpe,CWS,SP,SP,"SP,P,IL"
12567,Dustin Harris,CWS,"3B,LF,CF",3B,"3B,IF,LF,CF,OF,Util,NA"
12457,Edgar Quero,CWS,C,C,"C,Util"
12254,Elvis Peguero,CWS,RP,RP,"RP,P,NA"
11508,Everson Pereira,CWS,"LF,CF",LF,"LF,CF,OF,Util"
60627,Fraser Ellard,CWS,"SP,RP",SP,"SP,RP,P,NA"
63027,Grant Taylor,CWS,"SP,RP",SP,"SP,RP,P"
60350,Jairo Iriarte,CWS,RP,RP,"RP,P,NA"
63999,Jake Palisch,CWS,RP,RP,"RP,P,NA"
60159,Jonathan Cannon,CWS,"SP,RP",SP,"SP,RP,P,NA"
62085,Jordan Leasure,CWS,RP,RP,"RP,P"
11999,Joshua Palacios,CWS,"LF,CF,RF",LF,"LF,CF,RF,OF,Util,NA"
60305,Juan Carela,CWS,SP,SP,"SP,P,NA"
11767,Korey Lee,CWS,C,C,"C,Util"
12453,Ky Bush,CWS,SP,SP,"SP,P,IL"
62979,Kyle Teel,CWS,C,C,"C,Util"
12420,Lenyn Sosa,CWS,"1B,2B,3B",1B,"1B,2B,3B,IF,Util"
11878,Luisangel Acuña,CWS,"2B,SS",2B,"2B,SS,IF,Util"
11781,Miguel Vargas,CWS,"1B,3B,LF",1B,"1B,3B,IF,LF,OF,Util"
60281,Mike Vasil,CWS,"SP,RP",SP,"SP,RP,P"
11814,Nick Maton,CWS,3B,3B,"3B,IF,Util,NA"
62212,Oliver Dunn,CWS,3B,3B,"3B,IF,Util,NA"
12778,Oscar Colás,CWS,"CF,RF",CF,"CF,RF,OF,Util,NA"
11403,Owen White,CWS,RP,RP,"RP,P,NA"
12603,Penn Murfee,CWS,RP,RP,"RP,P,NA"
12709,Prelander Berroa,CWS,RP,RP,"RP,P,IL"
12418,Sean Burke,CWS,"SP,RP",SP,"SP,RP,P"
63967,Shane Smith,CWS,"SP,RP",SP,"SP,RP,P"
62464,Tim Elko,CWS,1B,1B,"1B,IF,Util,NA"
60421,Tristan Peters,CWS,CF,CF,"CF,OF,Util"
12242,Tyler Gilbert,CWS,"SP,RP",SP,"SP,RP,P"
11698,Tyson Miller,CWS,RP,RP,"RP,P,NA"
12377,Wikelman González,CWS,"SP,RP",SP,"SP,RP,P,NA"
11986,Zach DeLoach,CWS,"LF,RF",LF,"LF,RF,OF,Util,NA"
61324,Bailey Horn,DET,RP,RP,"RP,P"
12604,Beau Brieske,DET,"SP,RP",SP,"SP,RP,P,IL"
60178,Brant Hurter,DET,"SP,RP",SP,"SP,RP,P"
11427,Brenan Hanifee,DET,"SP,RP",SP,"SP,RP,P"
12668,Cal Stevenson,DET,CF,CF,"CF,OF,Util,NA"
12430,Colt Keith,DET,"1B,2B,3B",1B,"1B,2B,3B,IF,Util"
60199,Corey Julks,DET,"LF,RF",LF,"LF,RF,OF,Util,NA"
11928,Dillon Dingler,DET,C,C,"C,Util"
65281,Drew Sommers,DET,RP,RP,"RP,P,NA"
12425,Dylan Smith,DET,RP,RP,"RP,P,NA"
12431,Gage Workman,DET,"3B,SS",3B,"3B,SS,IF,Util,NA"
60170,Jace Jung,DET,3B,3B,"3B,IF,Util"
65132,Jack Little,DET,RP,RP,"RP,P,NA"
12422,Jackson Jobe,DET,"SP,RP",SP,"SP,RP,P,IL"
10498,Jahmai Jones,DET,"LF,CF,RF",LF,"LF,CF,RF,OF,Util"
10900,Jake Rogers,DET,C,C,"C,Util"
63428,Keider Montero,DET,"SP,RP",SP,"SP,RP,P,NA"
12667,Kerry Carpenter,DET,"LF,RF",LF,"LF,RF,OF,Util"
11307,Konnor Pilkington,DET,RP,RP,"RP,P,NA"
10474,Matt Manning,DET,SP,SP,"SP,P,NA"
12210,Matt Vierling,DET,"3B,LF,CF,RF",3B,"3B,IF,LF,CF,RF,OF,Util"
11310,Parker Meadows,DET,CF,CF,"CF,OF,Util"
12429,Reese Olson,DET,SP,SP,"SP,P,IL"
62054,Sawyer Gipson-Long,DET,"SP,RP",SP,"SP,RP,P"
12240,Sean Guenther,DET,RP,RP,"RP,P,IL"
12494,Trey Sweeney,DET,SS,SS,"SS,IF,Util"
60175,Troy Melton,DET,"SP,RP",SP,"SP,RP,P,NA"
12423,Ty Madden,DET,RP,RP,"RP,P,NA"
12606,Tyler Holton,DET,"SP,RP",SP,"SP,RP,P"
60179,Tyler Mattison,DET,RP,RP,"RP,P,NA"
63527,Tyler Owens,DET,RP,RP,"RP,P,IL"
11761,Wenceel Pérez,DET,"CF,RF",CF,"CF,RF,OF,Util"
12110,Will Vest,DET,RP,RP,"RP,P"
11700,Zach McKinstry,DET,"2B,3B,SS,LF,RF",2B,"2B,3B,SS,IF,LF,RF,OF,Util"
63868,AJ Blubaugh,HOU,"SP,RP",SP,"SP,RP,P"
63077,Amos Willingham,HOU,RP,RP,"RP,P,NA"
61764,Anthony Maldonado,HOU,RP,RP,"RP,P,NA"
12045,Bennett Sousa,HOU,RP,RP,"RP,P"
12378,Brandon Walter,HOU,"SP,RP",SP,"SP,RP,P,IL"
62798,Brice Matthews,HOU,"2B,3B,SS",2B,"2B,3B,SS,IF,Util"
64014,Bryan King,HOU,RP,RP,"RP,P"
61739,CJ Alexander,HOU,3B,3B,"3B,IF,Util,NA"
64330,Cam Smith,HOU,"3B,RF",3B,"3B,IF,RF,OF,Util"
11086,Cavan Biggio,HOU,"1B,2B,3B,RF",1B,"1B,2B,3B,IF,RF,OF,Util,NA"
12129,Christian Roa,HOU,RP,RP,"RP,P,NA"
11819,Cody Bolton,HOU,RP,RP,"RP,P,NA"
60195,Colton Gordon,HOU,"SP,RP",SP,"SP,RP,P,NA"
12348,Cooper Hummel,HOU,LF,LF,"LF,OF,Util,NA"
61796,César Salazar,HOU,C,C,"C,Util"
12497,Hayden Wesneski,HOU,"SP,RP",SP,"SP,RP,P,IL"
12725,J.P. France,HOU,SP,SP,"SP,P,NA"
64020,Jack Winkler,HOU,"2B,3B,SS",2B,"2B,3B,SS,IF,Util,NA"
11913,Jake Meyers,HOU,CF,CF,"CF,OF,Util"
12628,Jason Alexander,HOU,"SP,RP",SP,"SP,RP,P,NA"
60187,Jayden Murray,HOU,RP,RP,"RP,P,NA"
63561,Joey Loperfido,HOU,"LF,CF,RF",LF,"LF,CF,RF,OF,Util"
63484,Kai-Wei Teng,HOU,"SP,RP",SP,"SP,RP,P"
62570,Logan VanWey,HOU,RP,RP,"RP,P,NA"
61854,Luis Contreras,HOU,RP,RP,"RP,P,NA"
12519,Mike Burrows,HOU,"SP,RP",SP,"SP,RP,P"
11359,Nick Allen,HOU,SS,SS,"SS,IF,Util"
12745,Roddery Muñoz,HOU,"SP,RP",SP,"SP,RP,P"
12590,Ronel Blanco,HOU,SP,SP,"SP,P,IL"
12442,Shay Whitcomb,HOU,3B,3B,"3B,IF,Util"
60188,Spencer Arrighetti,HOU,SP,SP,"SP,P"
10866,Taylor Trammell,HOU,"LF,CF",LF,"LF,CF,OF,Util,NA"
12756,Tom Cosgrove,HOU,RP,RP,"RP,P,NA"
12435,Yainer Diaz,HOU,"C,1B",C,"C,1B,IF,Util"
62421,Zach Cole,HOU,"LF,CF,RF",LF,"LF,CF,RF,OF,Util"
62488,Zach Dezenzo,HOU,"1B,LF,RF",1B,"1B,IF,LF,RF,OF,Util"
11642,Abraham Toro,KC,"1B,2B,3B",1B,"1B,2B,3B,IF,Util,NA"
12446,Alec Marsh,KC,SP,SP,"SP,P,IL"
10860,Alex Lange,KC,RP,RP,"RP,P"
12451,Carter Jensen,KC,C,C,"C,Util"
10610,Cole Ragans,KC,SP,SP,"SP,P"
62227,Connor Kaiser,KC,"2B,SS",2B,"2B,SS,IF,Util,NA"
11322,Daniel Lynch IV,KC,"SP,RP",SP,"SP,RP,P"
11272,Drew Waters,KC,"LF,CF,RF",LF,"LF,CF,RF,OF,Util"
64001,Eric Cerantola,KC,RP,RP,"RP,P,NA"
61866,Isaac Collins,KC,"LF,RF",LF,"LF,RF,OF,Util"
64312,Jac Caglianone,KC,"1B,RF",1B,"1B,IF,RF,OF,Util"
12324,James McArthur,KC,RP,RP,"RP,P,IL"
61619,John Rave,KC,"LF,CF,RF",LF,"LF,CF,RF,OF,Util"
11784,Kameron Misner,KC,"CF,RF",CF,"CF,RF,OF,Util"
11319,Kris Bubic,KC,"SP,RP",SP,"SP,RP,P,IL"
11471,Kyle Isbel,KC,CF,CF,"CF,OF,Util"
10659,Lucas Erceg,KC,RP,RP,"RP,P"
63567,Luinder Avila,KC,"SP,RP",SP,"SP,RP,P"
12336,Maikel Garcia,KC,"2B,3B,SS,OF",2B,"2B,3B,SS,IF,OF,Util"
60647,Mason Black,KC,SP,SP,"SP,P"
12657,Michael Massey,KC,"2B,LF",2B,"2B,IF,LF,OF,Util"
61384,Mitch Spence,KC,"SP,RP",SP,"SP,RP,P"
12144,Nick Loftin,KC,"2B,3B,LF",2B,"2B,3B,IF,LF,OF,Util"
11979,Nick Mears,KC,RP,RP,"RP,P"
60211,Noah Cameron,KC,SP,SP,"SP,P"
60356,Ryan Bergert,KC,SP,SP,"SP,P"
12205,Sam Long,KC,RP,RP,"RP,P,NA"
60645,Stephen Kolek,KC,"SP,RP",SP,"SP,RP,P"
60570,Steven Cruz,KC,RP,RP,"RP,P"
60202,Tyler Gentry,KC,RF,RF,"RF,OF,Util,NA"
61637,Tyler Tolbert,KC,"IF,LF,CF",IF,"IF,LF,CF,OF,Util"
12449,Vinnie Pasquantino,KC,1B,1B,"1B,IF,Util"
11663,Angel Perdomo,LAA,RP,RP,"RP,P,NA"
60218,Ben Joyce,LAA,RP,RP,"RP,P,IL"
61559,Bryce Teodosio,LAA,CF,CF,"CF,OF,Util"
60217,Caden Dana,LAA,SP,SP,"SP,P,NA"
12615,Chase Silseth,LAA,"SP,RP",SP,"SP,RP,P"
64361,Christian Moore,LAA,2B,2B,"2B,IF,Util,NA"
12454,Denzer Guzman,LAA,SS,SS,"SS,IF,Util,NA"
11658,Donovan Walton,LAA,2B,2B,"2B,IF,Util,NA"
11277,Grayson Rodriguez,LAA,SP,SP,"SP,P"
62499,Gustavo Campero,LAA,RF,RF,"RF,OF,Util,IL"
10424,Ian Anderson,LAA,"SP,RP",SP,"SP,RP,P,NA"
11774,Jack Kochanowicz,LAA,SP,SP,"SP,P"
63714,Jayvien Sandridge,LAA,RP,RP,"RP,P,NA"
10893,Jo Adell,LAA,"CF,RF",CF,"CF,RF,OF,Util"
65071,Jose Fermin,LAA,RP,RP,"RP,P,NA"
10865,Jose Siri,LAA,CF,CF,"CF,OF,Util,NA"
10601,Josh Lowe,LAA,"LF,CF,RF",LF,"LF,CF,RF,OF,Util"
11327,José Soriano,LAA,SP,SP,"SP,P"
12268,Kaleb Ort,LAA,RP,RP,"RP,P,IL"
63350,Kelvin Cáceres,LAA,RP,RP,"RP,P,NA"
11776,Kyren Paris,LAA,"2B,CF",2B,"2B,IF,CF,OF,Util,NA"
12011,Logan O'Hoppe,LAA,C,C,"C,Util"
11737,Matthew Lugo,LAA,"LF,CF",LF,"LF,CF,OF,Util,NA"
64896,Mitch Farris,LAA,SP,SP,"SP,P"
11306,Nick Madrigal,LAA,"2B,3B",2B,"2B,3B,IF,Util,IL"
11894,Nick Sandlin,LAA,RP,RP,"RP,P,IL"
60112,Niko Kavadas,LAA,1B,1B,"1B,IF,Util,NA"
62953,Nolan Schanuel,LAA,1B,1B,"1B,IF,Util"
12097,Oswald Peraza,LAA,"1B,2B,3B,SS",1B,"1B,2B,3B,SS,IF,Util"
11926,Reid Detmers,LAA,"SP,RP",SP,"SP,RP,P,IL"
64367,Ryan Johnson,LAA,"SP,RP",SP,"SP,RP,P"
61375,Ryan Zeferjahn,LAA,RP,RP,"RP,P"
63620,Sam Aldegheri,LAA,SP,SP,"SP,P,NA"
12452,Sam Bachman,LAA,RP,RP,"RP,P"
11938,Sebastián Rivero,LAA,C,C,"C,Util,NA"
11098,Shaun Anderson,LAA,RP,RP,"RP,P,NA"
12208,Tayler Saucedo,LAA,RP,RP,"RP,P,NA"
60229,Victor Mederos,LAA,"SP,RP",SP,"SP,RP,P,NA"
61844,Wade Meckler,LAA,CF,CF,"CF,OF,Util,NA"
11263,Yusei Kikuchi,LAA,SP,SP,"SP,P"
60214,Zach Neto,LAA,SS,SS,"SS,IF,Util"
12653,Alex Call,LAD,"LF,CF,RF",LF,"LF,CF,RF,OF,Util"
62354,Alex Freeland,LAD,"2B,3B,SS",2B,"2B,3B,SS,IF,Util"
12148,Andy Pages,LAD,"LF,CF,RF",LF,"LF,CF,RF,OF,Util"
64785,Ben Casparius,LAD,"SP,RP",SP,"SP,RP,P"
12037,Bobby Miller,LAD,SP,SP,"SP,P"
12465,Carlos Duran,LAD,"SP,RP",SP,"SP,RP,P,NA"
12669,Chuckie Robinson,LAD,C,C,"C,Util,NA"
60232,Dalton Rushing,LAD,"C,LF",C,"C,LF,OF,Util"
60239,Edgardo Henriquez,LAD,RP,RP,"RP,P"
60238,Emmet Sheehan,LAD,SP,SP,"SP,P"
64865,Garrett McDaniels,LAD,RP,RP,"RP,P,NA"
60231,Gavin Stone,LAD,SP,SP,"SP,P,IL"
64858,Hyeseong Kim,LAD,"2B,SS,CF",2B,"2B,SS,IF,CF,OF,Util"
62262,Jack Dreyer,LAD,"SP,RP",SP,"SP,RP,P"
12342,Jack Suwinski,LAD,"LF,CF,RF",LF,"LF,CF,RF,OF,Util,NA"
11900,Jordan Weems,LAD,RP,RP,"RP,P,NA"
63581,Justin Wrobleski,LAD,"SP,RP",SP,"SP,RP,P"
10912,Keston Hiura,LAD,"1B,2B",1B,"1B,2B,IF,Util,NA"
60237,Kyle Hurt,LAD,RP,RP,"RP,P,IL"
12038,Landon Knack,LAD,SP,SP,"SP,P"
60342,Matt Gorski,LAD,"1B,LF",1B,"1B,IF,LF,OF,Util,NA"
11355,Matt Sauer,LAD,RP,RP,"RP,P,NA"
11332,Michael Grove,LAD,RP,RP,"RP,P,IL"
11293,Michael Siani,LAD,CF,CF,"CF,OF,Util,NA"
60235,Nick Frasso,LAD,SP,SP,"SP,P,NA"
60233,Nick Nastrini,LAD,SP,SP,"SP,P,NA"
61267,Nick Robertson,LAD,RP,RP,"RP,P,NA"
63919,Paul Gervase,LAD,RP,RP,"RP,P,NA"
63577,River Ryan,LAD,SP,SP,"SP,P,IL"
64803,Roki Sasaki,LAD,SP,SP,"SP,P"
60890,Ryan Fitzgerald,LAD,"2B,SS",2B,"2B,SS,IF,Util,NA"
11556,Santiago Espinal,LAD,"2B,3B,LF,RF",2B,"2B,3B,IF,LF,RF,OF,Util,NA"
1000001,Shohei Ohtani (Batter),LAD,Util,Util,Util
1000002,Shohei Ohtani (Pitcher),LAD,SP,SP,"SP,P"
63485,Will Klein,LAD,RP,RP,"RP,P"
63423,Yoshinobu Yamamoto,LAD,SP,SP,"SP,P"
60347,Adam Mazur,MIA,SP,SP,"SP,P"
61818,Agustín Ramírez,MIA,"C,1B",C,"C,1B,IF,Util"
12673,Andrew Nardi,MIA,RP,RP,"RP,P,IL"
12194,Anthony Bender,MIA,RP,RP,"RP,P,IL"
63311,Bradley Blalock,MIA,SP,SP,"SP,P,NA"
11918,Brian Navarreto,MIA,C,C,"C,Util,NA"
61279,Cade Gibson,MIA,"SP,RP",SP,"SP,RP,P"
12311,Calvin Faucher,MIA,RP,RP,"RP,P"
11743,Christopher Morel,MIA,"2B,3B,LF,CF,RF",2B,"2B,3B,IF,LF,CF,RF,OF,Util"
63927,Connor Gillispie,MIA,"SP,RP",SP,"SP,RP,P,IL"
12370,Connor Norby,MIA,"2B,3B",2B,"2B,3B,IF,Util"
10965,Daniel Johnson,MIA,"CF,RF",CF,"CF,RF,OF,Util,NA"
12150,Dax Fulton,MIA,SP,SP,"SP,P,NA"
60057,Deyvison De Los Santos,MIA,"1B,3B",1B,"1B,3B,IF,Util,NA"
12468,Eury Pérez,MIA,SP,SP,"SP,P"
11424,Freddy Tarnok,MIA,"SP,RP",SP,"SP,RP,P,NA"
61900,Garrett Acton,MIA,RP,RP,"RP,P,NA"
63624,Graham Pauley,MIA,3B,3B,"3B,IF,Util"
11555,Griffin Conine,MIA,"LF,RF",LF,"LF,RF,OF,Util"
12557,Heriberto Hernández,MIA,"LF,RF",LF,"LF,RF,OF,Util"
62119,Jakob Marsee,MIA,"LF,CF",LF,"LF,CF,OF,Util"
12263,Janson Junk,MIA,"SP,RP",SP,"SP,RP,P"
63609,Jared Serna,MIA,"2B,SS",2B,"2B,SS,IF,Util,NA"
62194,Javier Sanoja,MIA,"2B,3B,SS,LF,CF",2B,"2B,3B,SS,IF,LF,CF,OF,Util"
12059,John King,MIA,RP,RP,"RP,P"
11733,Kyle Stowers,MIA,"LF,CF,RF",LF,"LF,CF,RF,OF,Util"
62399,Lake Bachar,MIA,RP,RP,"RP,P"
63648,Liam Hicks,MIA,"C,1B",C,"C,1B,IF,Util"
61273,Luarbert Arias,MIA,RP,RP,"RP,P,NA"
12015,Max Meyer,MIA,SP,SP,"SP,P,IL"
11848,Maximo Acosta,MIA,"2B,3B,SS",2B,"2B,3B,SS,IF,Util"
63448,Michael Petersen,MIA,RP,RP,"RP,P"
12100,Otto Lopez,MIA,"2B,SS",2B,"2B,SS,IF,Util"
12127,Owen Caissie,MIA,"CF,RF",CF,"CF,RF,OF,Util"
63587,Patrick Monteverde,MIA,RP,RP,"RP,P,NA"
12328,Ronny Henriquez,MIA,RP,RP,"RP,P"
63918,Ryan Gusto,MIA,"SP,RP",SP,"SP,RP,P,NA"
63615,Starlyn Caba,MIA,SS,SS,"SS,IF,Util,NA"
11400,Tyler Phillips,MIA,"SP,RP",SP,"SP,RP,P"
11940,Tyler Zuber,MIA,RP,RP,"RP,P,IL"
11375,Xavier Edwards,MIA,"2B,SS",2B,"2B,SS,IF,Util"
12674,Xzavion Curry,MIA,"SP,RP",SP,"SP,RP,P,NA"
60461,Zach Brzykcy,MIA,RP,RP,"RP,P,NA"
12746,Abner Uribe,MIL,RP,RP,"RP,P"
10913,Akil Baddoo,MIL,LF,LF,"LF,OF,Util"
12095,Angel Zerpa,MIL,RP,RP,"RP,P"
11472,Blake Perkins,MIL,"LF,CF,RF",LF,"LF,CF,RF,OF,Util"
12499,Brandon Lockridge,MIL,"LF,CF,RF",LF,"LF,CF,RF,OF,Util"
63017,Brandon Sproat,MIL,SP,SP,"SP,P"
11343,Brice Turang,MIL,2B,2B,"2B,IF,Util"
60260,Carlos Rodriguez,MIL,SP,SP,"SP,P,NA"
61749,Chad Patrick,MIL,SP,SP,"SP,P"
12717,Connor Thomas,MIL,RP,RP,"RP,P,NA"
63247,Craig Yoho,MIL,RP,RP,"RP,P"
10848,DL Hall,MIL,"SP,RP",SP,"SP,RP,P"
12732,David Hamilton,MIL,"2B,SS",2B,"2B,SS,IF,Util"
10481,Daz Cameron,MIL,"LF,CF,RF",LF,"LF,CF,RF,OF,Util,NA"
12705,Easton McGee,MIL,RP,RP,"RP,P"
12152,Garrett Mitchell,MIL,"CF,RF",CF,"CF,RF,OF,Util,IL"
64463,Gerson Garabito,MIL,RP,RP,"RP,P,NA"
62045,Grant Anderson,MIL,RP,RP,"RP,P"
11845,Greg Jones,MIL,RF,RF,"RF,OF,Util,NA"
10885,JB Bukauskas,MIL,RP,RP,"RP,P,NA"
12480,Jackson Chourio,MIL,"LF,CF,RF",LF,"LF,CF,RF,OF,Util"
63480,Jacob Hurtubise,MIL,LF,LF,"LF,OF,Util,NA"
60254,Jacob Misiorowski,MIL,"SP,RP",SP,"SP,RP,P"
12630,Jared Koenig,MIL,"SP,RP",SP,"SP,RP,P"
12477,Jeferson Quero,MIL,C,C,"C,Util,NA"
12374,Joey Ortiz,MIL,"3B,SS",3B,"3B,SS,IF,Util"
11324,Jordyn Adams,MIL,RF,RF,"RF,OF,Util,NA"
12175,Kyle Harrison,MIL,"SP,RP",SP,"SP,RP,P"
60262,Logan Henderson,MIL,SP,SP,"SP,P"
12624,Peter Strzelecki,MIL,RP,RP,"RP,P,NA"
11820,Quinn Priester,MIL,"SP,RP",SP,"SP,RP,P"
12523,Robert Gasser,MIL,SP,SP,"SP,P"
12476,Sal Frelick,MIL,"LF,CF,RF",LF,"LF,CF,RF,OF,Util"
60514,Sammy Peralta,MIL,RP,RP,"RP,P,NA"
61812,Steward Berroa,MIL,"CF,RF",CF,"CF,RF,OF,Util"
11717,Trevor Megill,MIL,RP,RP,"RP,P"
12478,Tyler Black,MIL,1B,1B,"1B,IF,Util"
10232,Tyler Jay,MIL,RP,RP,"RP,P,NA"
60467,Alan Roden,MIN,"LF,RF",LF,"LF,RF,OF,Util,IL"
12026,Austin Martin,MIN,"2B,LF,CF",2B,"2B,IF,LF,CF,OF,Util"
12096,Bailey Ober,MIN,SP,SP,"SP,P"
60266,Brooks Lee,MIN,"2B,3B,SS",2B,"2B,3B,SS,IF,Util"
63083,Carson McCusker,MIN,"LF,RF",LF,"LF,RF,OF,Util,NA"
61806,Cody Laweryson,MIN,RP,RP,"RP,P,NA"
12156,Cole Sands,MIN,"SP,RP",SP,"SP,RP,P"
61673,David Bañuelos,MIN,C,C,"C,Util,NA"
60269,David Festa,MIN,SP,SP,"SP,P"
62861,Eduardo Salazar,MIN,RP,RP,"RP,P,NA"
12487,Emmanuel Rodriguez,MIN,CF,CF,"CF,OF,Util,NA"
60286,Eric Orze,MIN,RP,RP,"RP,P"
62183,Eric Wagaman,MIN,"1B,3B,LF",1B,"1B,3B,IF,LF,OF,Util"
12339,James Outman,MIN,"LF,CF,RF",LF,"LF,CF,RF,OF,Util"
12067,Justin Topa,MIN,RP,RP,"RP,P"
11309,Kody Clemens,MIN,"1B,2B,3B,LF,RF",1B,"1B,2B,3B,IF,LF,RF,OF,Util"
61718,Kody Funderburk,MIN,RP,RP,"RP,P"
63023,Luke Keaschall,MIN,"1B,2B,CF",1B,"1B,2B,IF,CF,OF,Util"
60268,Marco Raya,MIN,SP,SP,"SP,P,NA"
11791,Matt Canterino,MIN,SP,SP,"SP,P,IL"
11795,Matt Wallner,MIN,"LF,RF",LF,"LF,RF,OF,Util"
12166,Mick Abel,MIN,SP,SP,"SP,P"
10916,Royce Lewis,MIN,3B,3B,"3B,IF,Util"
11794,Ryan Jeffers,MIN,C,C,"C,Util"
12428,Ryan Kreidler,MIN,"SS,CF",SS,"SS,IF,CF,OF,Util"
11503,Simeon Woods Richardson,MIN,SP,SP,"SP,P"
12554,Taj Bradley,MIN,SP,SP,"SP,P"
64814,Travis Adams,MIN,"SP,RP",SP,"SP,RP,P"
11347,Trevor Larnach,MIN,"LF,RF",LF,"LF,RF,OF,Util"
61782,Tristan Gray,MIN,"2B,SS",2B,"2B,SS,IF,Util"
12724,Zak Kent,MIN,"SP,RP",SP,"SP,RP,P"
63601,Zebby Matthews,MIN,SP,SP,"SP,P"
65995,Alex Carrillo,NYM,RP,RP,"RP,P,NA"
12237,Austin Warren,NYM,RP,RP,"RP,P"
12076,Brandon Waddell,NYM,"SP,RP",SP,"SP,RP,P,NA"
11796,Brett Baty,NYM,"2B,3B",2B,"2B,3B,IF,Util"
10444,Bryan Hudson,NYM,RP,RP,"RP,P"
60292,Christian Scott,NYM,SP,SP,"SP,P,NA"
11799,Dedniel Núñez,NYM,RP,RP,"RP,P,IL"
66367,Dylan Ross,NYM,RP,RP,"RP,P,NA"
11349,Francisco Alvarez,NYM,C,C,"C,Util"
11766,Grae Kessinger,NYM,"2B,3B",2B,"2B,3B,IF,Util,NA"
61258,Hayden Senger,NYM,C,C,"C,Util"
12658,Huascar Brazobán,NYM,"SP,RP",SP,"SP,RP,P"
12700,Jared Young,NYM,1B,1B,"1B,IF,Util"
11818,Ji Hwan Bae,NYM,"CF,RF",CF,"CF,RF,OF,Util,NA"
61871,Joe Jacques,NYM,RP,RP,"RP,P,NA"
11569,Joey Gerber,NYM,"SP,RP",SP,"SP,RP,P"
64978,Jonah Tong,NYM,SP,SP,"SP,P,NA"
65952,Jonathan Pintaro,NYM,"SP,RP",SP,"SP,RP,P,NA"
12217,Justin Garza,NYM,RP,RP,"RP,P,NA"
61744,Justin Hagenman,NYM,RP,RP,"RP,P,NA"
12675,Kevin Herget,NYM,RP,RP,"RP,P,NA"
12776,Kodai Senga,NYM,SP,SP,"SP,P"
61680,Luis De Los Santos,NYM,3B,3B,"3B,IF,Util,NA"
10669,Luis Torrens,NYM,C,C,"C,Util"
10922,Mark Vientos,NYM,3B,3B,"3B,IF,Util"
11977,Max Kranick,NYM,"SP,RP",SP,"SP,RP,P,IL"
61769,Nate Lavender,NYM,RP,RP,"RP,P,NA"
62935,Nolan McLean,NYM,SP,SP,"SP,P"
10889,Richard Lovelady,NYM,RP,RP,"RP,P"
11351,Ronny Mauricio,NYM,"2B,3B",2B,"2B,3B,IF,Util"
11547,Tobias Myers,NYM,"SP,RP",SP,"SP,RP,P"
12215,Tylor Megill,NYM,SP,SP,"SP,P,IL"
11395,Vidal Bruján,NYM,"2B,3B,SS,CF",2B,"2B,3B,SS,IF,CF,OF,Util"
61632,Allan Winans,NYY,SP,SP,"SP,P,NA"
11676,Alí Sánchez,NYY,C,C,"C,Util,NA"
63478,Angel Chivilli,NYY,RP,RP,"RP,P"
11809,Anthony Volpe,NYY,SS,SS,"SS,IF,Util"
12161,Austin Wells,NYY,C,C,"C,Util"
62137,Ben Rice,NYY,"C,1B",C,"C,1B,IF,Util"
11729,Braden Shewmake,NYY,"2B,3B,SS",2B,"2B,3B,SS,IF,Util,NA"
12727,Brent Headrick,NYY,RP,RP,"RP,P"
64985,Cam Schlittler,NYY,SP,SP,"SP,P"
10926,Clarke Schmidt,NYY,SP,SP,"SP,P,IL"
12489,Dom Hamel,NYY,SP,SP,"SP,P,NA"
12690,Fernando Cruz,NYY,"SP,RP",SP,"SP,RP,P"
60671,J.C. Escarra,NYY,"C,1B,3B",C,"C,1B,3B,IF,Util"
12635,Jake Bird,NYY,RP,RP,"RP,P"
12211,Jake Cousins,NYY,RP,RP,"RP,P,IL"
11805,Jasson Domínguez,NYY,"LF,CF",LF,"LF,CF,OF,Util"
11553,Jonathan Ornelas,NYY,3B,3B,"3B,IF,Util,NA"
12341,Jorbit Vivas,NYY,"2B,3B",2B,"2B,3B,IF,Util"
60776,José Caballero,NYY,"2B,3B,SS,LF,RF",2B,"2B,3B,SS,IF,LF,RF,OF,Util"
61684,Kenedy Corona,NYY,OF,OF,"OF,Util,NA"
11689,Luis Gil,NYY,SP,SP,"SP,P"
11388,Marco Luciano,NYY,"2B,SS",2B,"2B,SS,IF,Util,NA"
62078,Max Schuemann,NYY,"2B,3B,SS,OF",2B,"2B,3B,SS,IF,OF,Util"
63482,Michael Arias,NYY,RP,RP,"RP,P,NA"
62004,Osvaldo Bido,NYY,"SP,RP",SP,"SP,RP,P"
12331,Oswaldo Cabrera,NYY,"1B,2B,3B",1B,"1B,2B,3B,IF,Util,IL"
11379,Ryan Weathers,NYY,SP,SP,"SP,P"
60295,Will Warren,NYY,SP,SP,"SP,P"
60149,Yanquiel Fernández,NYY,RF,RF,"RF,OF,Util,NA"
12620,Yerry De los Santos,NYY,RP,RP,"RP,P"
11438,Zack Short,NYY,"3B,SS",3B,"3B,SS,IF,Util,NA"
12286,Alan Rangel,PHI,"SP,RP",SP,"SP,RP,P,NA"
12032,Brett de Geus,PHI,RP,RP,"RP,P,NA"
12236,Bryan De La Cruz,PHI,"LF,RF",LF,"LF,RF,OF,Util,NA"
11817,Bryson Stott,PHI,"2B,SS",2B,"2B,SS,IF,Util"
60888,Chase Shugart,PHI,RP,RP,"RP,P"
61751,Christian Cairo,PHI,SS,SS,"SS,IF,Util,NA"
11706,Cristopher Sánchez,PHI,SP,SP,"SP,P"
61590,Daniel Robert,PHI,RP,RP,"RP,P,IL"
10594,Edmundo Sosa,PHI,"2B,3B,SS",2B,"2B,3B,SS,IF,Util"
60327,Jean Cabrera,PHI,SP,SP,"SP,P,NA"
12508,Johan Rojas,PHI,CF,CF,"CF,OF,Util,NA"
11769,Jonathan Bowlan,PHI,"SP,RP",SP,"SP,RP,P"
60553,Kyle Backhus,PHI,RP,RP,"RP,P"
12259,Kyle Tyler,PHI,SP,SP,"SP,P,NA"
11883,Liover Peguero,PHI,"1B,2B,SS",1B,"1B,2B,SS,IF,Util,NA"
63454,Max Lazar,PHI,RP,RP,"RP,P"
11546,Michael Mercado,PHI,"SP,RP",SP,"SP,RP,P,NA"
64773,Moises Chace,PHI,"SP,RP",SP,"SP,RP,P,NA"
61336,Nolan Hoffman,PHI,RP,RP,"RP,P,NA"
60329,Orion Kerkering,PHI,RP,RP,"RP,P"
64989,Otto Kemp,PHI,"1B,2B,3B,LF",1B,"1B,2B,3B,IF,LF,OF,Util"
12226,Pedro León,PHI,RF,RF,"RF,OF,Util,NA"
11813,Rafael Marchán,PHI,C,C,"C,Util"
12058,René Pinto,PHI,C,C,"C,Util,NA"
12360,Ryan Cusick,PHI,SP,SP,"SP,P,NA"
11844,Seth Johnson,PHI,"SP,RP",SP,"SP,RP,P"
12593,Tanner Banks,PHI,RP,RP,"RP,P"
63481,Yoniel Curet,PHI,SP,SP,"SP,P,NA"
12108,Zach Pop,PHI,RP,RP,"RP,P"
11385,Alexander Canario,PIT,"LF,CF,RF",LF,"LF,CF,RF,OF,Util,NA"
12179,Alika Williams,PIT,"2B,SS",2B,"2B,SS,IF,Util,NA"
62430,Billy Cook,PIT,OF,OF,"OF,Util,IL"
11372,Braxton Ashcraft,PIT,"SP,RP",SP,"SP,RP,P"
12516,Bubba Chandler,PIT,SP,SP,"SP,P"
61743,Cam Devanney,PIT,"3B,SS",3B,"3B,SS,IF,Util,NA"
61323,Cam Sanders,PIT,RP,RP,"RP,P"
12169,Carmen Mlodzinski,PIT,"SP,RP",SP,"SP,RP,P"
12274,Dauri Moreta,PIT,RP,RP,"RP,P,NA"
11970,Dominic Fletcher,PIT,"CF,RF",CF,"CF,RF,OF,Util,NA"
12160,Endy Rodríguez,PIT,"C,1B",C,"C,1B,IF,Util,IL"
12711,Enmanuel Valdez,PIT,"1B,2B",1B,"1B,2B,IF,Util,NA"
60569,Evan Sisk,PIT,RP,RP,"RP,P,NA"
12514,Henry Davis,PIT,C,C,"C,Util"
60338,Hunter Barco,PIT,SP,SP,"SP,P"
12034,Isaac Mattson,PIT,RP,RP,"RP,P"
60623,Jake Mangum,PIT,"LF,CF,RF",LF,"LF,CF,RF,OF,Util"
60907,Jared Jones,PIT,SP,SP,"SP,P,IL"
12758,Jared Triolo,PIT,"1B,2B,3B,SS",1B,"1B,2B,3B,SS,IF,Util"
62404,Jhostynxon Garcia,PIT,"CF,RF",CF,"CF,RF,OF,Util"
60624,Joe La Sorsa,PIT,RP,RP,"RP,P,NA"
11097,Joey Bart,PIT,C,C,"C,Util"
11207,Justin Lawrence,PIT,RP,RP,"RP,P"
60412,Mason Montgomery,PIT,RP,RP,"RP,P"
63902,Michael Darrell-Hicks,PIT,RP,RP,"RP,P,NA"
12049,Nick Gonzales,PIT,"2B,SS",2B,"2B,SS,IF,Util"
12123,Nick Yorke,PIT,2B,2B,"2B,IF,Util"
12321,Noah Davis,PIT,RP,RP,"RP,P,NA"
12448,Noah Murdock,PIT,RP,RP,"RP,P,NA"
62972,Paul Skenes,PIT,SP,SP,"SP,P"
61775,Rafael Flores Jr.,PIT,C,C,"C,Util"
61697,Ronny Simon,PIT,"2B,3B,LF",2B,"2B,3B,IF,LF,OF,Util,NA"
12742,Spencer Horwitz,PIT,"1B,2B",1B,"1B,2B,IF,Util"
60337,Thomas Harrington,PIT,SP,SP,"SP,P,NA"
11747,Tyler Callihan,PIT,2B,2B,"2B,IF,Util,IL"
11713,Yohan Ramírez,PIT,RP,RP,"RP,P"
10574,Adrian Morejon,SD,RP,RP,"RP,P"
60360,Alek Jacob,SD,RP,RP,"RP,P"
12088,Blake Hunt,SD,C,C,"C,Util,NA"
64992,Bradgley Rodriguez,SD,RP,RP,"RP,P"
12677,Bryan Hoeing,SD,RP,RP,"RP,P"
12664,Bryce Johnson,SD,"LF,CF,RF",LF,"LF,CF,RF,OF,Util"
11493,Carlos Rodríguez,SD,RF,RF,"RF,OF,Util,NA"
65463,David Morgan,SD,RP,RP,"RP,P"
12306,Eguy Rosario,SD,3B,3B,"3B,IF,Util,NA"
12013,Freddy Fermin,SD,C,C,"C,Util"
10879,Gavin Sheets,SD,"1B,LF,RF",1B,"1B,IF,LF,RF,OF,Util"
10894,Griffin Canning,SD,SP,SP,"SP,P,IL"
12333,JP Sears,SD,SP,SP,"SP,P"
12522,Jackson Merrill,SD,CF,CF,"CF,OF,Util"
12687,Jeremiah Estrada,SD,RP,RP,"RP,P"
12713,Jhony Brito,SD,RP,RP,"RP,P,IL"
11684,Kyle Hart,SD,"SP,RP",SP,"SP,RP,P"
12347,Logan Gillaspie,SD,RP,RP,"RP,P,NA"
11527,Luis Campusano,SD,C,C,"C,Util"
60770,Mason McCoy,SD,SS,SS,"SS,IF,Util"
12505,Mason Miller,SD,RP,RP,"RP,P"
61395,Matt Waldron,SD,SP,SP,"SP,P"
10927,Nick Solak,SD,1B,1B,"1B,IF,Util,NA"
62625,Omar Cruz,SD,RP,RP,"RP,P,NA"
12621,Oscar González,SD,LF,LF,"LF,OF,Util,NA"
12500,Randy Vásquez,SD,SP,SP,"SP,P"
12332,Ron Marinaccio,SD,RP,RP,"RP,P"
12575,Samad Taylor,SD,OF,OF,"OF,Util,NA"
12715,Sean Reynolds,SD,RP,RP,"RP,P,NA"
11376,Tirso Ornelas,SD,LF,LF,"LF,OF,Util,NA"
61616,Trenton Brooks,SD,1B,1B,"1B,IF,Util,NA"
62451,Ty Adcock,SD,RP,RP,"RP,P"
61682,Will Wagner,SD,"1B,2B,3B",1B,"1B,2B,3B,IF,Util"
63515,Yuki Matsui,SD,RP,RP,"RP,P"
11392,Andrew Knizner,SEA,C,C,"C,Util"
62104,Austin Kitchen,SEA,RP,RP,"RP,P,NA"
11994,Austin Shenton,SEA,1B,1B,"1B,IF,Util,NA"
63936,Blas Castano,SEA,SP,SP,"SP,P,NA"
12351,Brendan Donovan,SEA,"2B,3B,SS,LF",2B,"2B,3B,SS,IF,LF,OF,Util"
60584,Bryan Woo,SEA,SP,SP,"SP,P"
12540,Bryce Miller,SEA,SP,SP,"SP,P"
11531,Cal Raleigh,SEA,C,C,"C,Util"
12093,Carlos Vargas,SEA,RP,RP,"RP,P"
12728,Casey Legumina,SEA,RP,RP,"RP,P"
12006,Cole Wilcox,SEA,RP,RP,"RP,P"
60580,Cole Young,SEA,"2B,SS",2B,"2B,SS,IF,Util"
12256,Cooper Criswell,SEA,"SP,RP",SP,"SP,RP,P"
10451,Dane Dunning,SEA,"SP,RP",SP,"SP,RP,P,NA"
61938,Domingo González,SEA,RP,RP,"RP,P,NA"
60061,Dominic Canzone,SEA,"LF,RF",LF,"LF,RF,OF,Util"
12092,Eduard Bazardo,SEA,RP,RP,"RP,P"
11988,Emerson Hancock,SEA,"SP,RP",SP,"SP,RP,P"
11653,Gabe Speier,SEA,RP,RP,"RP,P"
64128,Houston Roth,SEA,RP,RP,"RP,P,NA"
11432,Jhonathan Díaz,SEA,P,P,"P,NA"
11437,Jhonny Pereda,SEA,C,C,"C,Util"
12723,Jose A. Ferrer,SEA,RP,RP,"RP,P"
12752,Josh Simpson,SEA,RP,RP,"RP,P,NA"
11326,Leo Rivas,SEA,"2B,SS",2B,"2B,SS,IF,Util"
64011,Logan Evans,SEA,"SP,RP",SP,"SP,RP,P"
12666,Luis F. Castillo,SEA,SP,SP,"SP,P,NA"
11348,Luke Raley,SEA,"1B,LF,CF,RF",1B,"1B,IF,LF,CF,RF,OF,Util"
12704,Miles Mastrobuoni,SEA,"2B,3B,SS,LF,RF",2B,"2B,3B,SS,IF,LF,RF,OF,Util"
61602,Nick Raposo,SEA,C,C,"C,Util,NA"
11629,Randy Dobnak,SEA,RP,RP,"RP,P,NA"
62192,Rhylan Thomas,SEA,RF,RF,"RF,OF,Util"
12358,Ryan Bliss,SEA,2B,2B,"2B,IF,Util,IL"
60407,Ryan Loutos,SEA,RP,RP,"RP,P"
62602,Troy Taylor,SEA,RP,RP,"RP,P,NA"
11833,Will Wilson,SEA,"2B,3B,SS",2B,"2B,3B,SS,IF,Util,NA"
12743,Yosver Zulueta,SEA,RP,RP,"RP,P"
60280,Blade Tidwell,SF,SP,SP,"SP,P,NA"
62957,Bryce Eldridge,SF,1B,1B,"1B,IF,Util"
12641,Buddy Kennedy,SF,3B,3B,"3B,IF,Util,NA"
12387,Caleb Kilian,SF,P,P,"P,NA"
60392,Carson Seymour,SF,"SP,RP",SP,"SP,RP,P"
60381,Carson Whisenhunt,SF,SP,SP,"SP,P"
12544,Casey Schmitt,SF,"1B,2B,3B,SS",1B,"1B,2B,3B,SS,IF,Util"
60111,Christian Koss,SF,"2B,3B,SS",2B,"2B,3B,SS,IF,Util"
12651,David Villar,SF,1B,1B,"1B,IF,Util,NA"
11329,Diego Cartaya,SF,C,C,"C,Util,NA"
60183,Drew Gilbert,SF,"CF,RF",CF,"CF,RF,OF,Util"
11815,Erik Miller,SF,"SP,RP",SP,"SP,RP,P,IL"
60380,Grant McCray,SF,"LF,CF,RF",LF,"LF,CF,RF,OF,Util"
11537,Gregory Santos,SF,RP,RP,"RP,P,IL"
63627,Hayden Birdsong,SF,"SP,RP",SP,"SP,RP,P"
10944,Heliot Ramos,SF,"LF,CF,RF",LF,"LF,CF,RF,OF,Util"
12204,Jason Foley,SF,RP,RP,"RP,P,IL"
11783,Jerar Encarnacion,SF,RF,RF,"RF,OF,Util"
61813,Jesus Rodriguez,SF,C,C,"C,Util"
63735,Joel Peguero,SF,RP,RP,"RP,P"
12337,José Buttó,SF,"SP,RP",SP,"SP,RP,P"
63494,Jung Hoo Lee,SF,CF,CF,"CF,OF,Util"
12737,Keaton Winn,SF,"SP,RP",SP,"SP,RP,P"
60650,Landen Roupp,SF,"SP,RP",SP,"SP,RP,P"
61636,Logan Porter,SF,C,C,"C,Util,NA"
11871,Luis Matos,SF,"LF,CF,RF",LF,"LF,CF,RF,OF,Util"
12631,Matt Gage,SF,RP,RP,"RP,P"
12738,Osleivis Basabe,SF,"2B,3B,OF",2B,"2B,3B,IF,OF,Util,NA"
12054,Patrick Bailey,SF,C,C,"C,Util"
12305,Randy Rodríguez,SF,RP,RP,"RP,P,IL"
61627,Ryan Walker,SF,RP,RP,"RP,P"
11204,Sam Hentges,SF,RP,RP,"RP,P,IL"
11387,Sean Hjelle,SF,RP,RP,"RP,P,NA"
62256,Spencer Bivens,SF,RP,RP,"RP,P"
60389,Trevor McDonald,SF,"SP,RP",SP,"SP,RP,P"
11420,Tristan Beck,SF,RP,RP,"RP,P"
61346,Tyler Fitzgerald,SF,"2B,SS,CF",2B,"2B,SS,IF,CF,OF,Util"
12703,Will Brennan,SF,"LF,CF,RF",LF,"LF,CF,RF,OF,Util,IL"
12550,Alec Burleson,STL,"1B,LF,RF",1B,"1B,IF,LF,RF,OF,Util"
12591,Andre Pallante,STL,"SP,RP",SP,"SP,RP,P"
62082,Anthony Veneziano,STL,RP,RP,"RP,P,NA"
12090,Bruce Zimmermann,STL,"SP,RP",SP,"SP,RP,P,NA"
60507,Cesar Prieto,STL,"2B,3B",2B,"2B,3B,IF,Util,NA"
63663,Chris Roycroft,STL,RP,RP,"RP,P"
12751,George Soriano,STL,RP,RP,"RP,P"
60394,Gordon Graceffo,STL,"SP,RP",SP,"SP,RP,P"
64811,Hunter Dobbins,STL,SP,SP,"SP,P,IL"
11836,Ivan Herrera,STL,C,C,"C,Util"
11971,Jared Shuster,STL,"SP,RP",SP,"SP,RP,P,NA"
60406,Jimmy Crooks,STL,C,C,"C,Util,NA"
10931,JoJo Romero,STL,RP,RP,"RP,P"
12024,Jordan Walker,STL,"LF,RF",LF,"LF,RF,OF,Util"
12710,José Fermín,STL,"2B,3B",2B,"2B,3B,IF,Util"
12247,Justin Bruihl,STL,RP,RP,"RP,P"
61601,Kyle Leahy,STL,RP,RP,"RP,P"
64556,Mason Molina,STL,SP,SP,"SP,P,NA"
12025,Masyn Winn,STL,SS,SS,"SS,IF,Util"
62061,Matt Koperniak,STL,LF,LF,"LF,OF,Util,NA"
63308,Matt Svanson,STL,RP,RP,"RP,P"
11397,Matthew Liberatore,STL,"SP,RP",SP,"SP,RP,P"
12549,Michael McGreevy,STL,SP,SP,"SP,P"
61887,Nathan Church,STL,"LF,CF,RF",LF,"LF,CF,RF,OF,Util"
11439,Nelson Velázquez,STL,"LF,RF",LF,"LF,RF,OF,Util,NA"
11561,Nick Raquet,STL,RP,RP,"RP,P,NA"
61613,Pedro Pagés,STL,C,C,"C,Util"
60306,Richard Fitts,STL,SP,SP,"SP,P"
11846,Riley O'Brien,STL,RP,RP,"RP,P"
63499,Ryan Fernandez,STL,RP,RP,"RP,P,NA"
10488,Scott Blewett,STL,RP,RP,"RP,P,NA"
12571,Sem Robberse,STL,SP,SP,"SP,P,NA"
60429,Tekoah Roby,STL,SP,SP,"SP,P,NA"
60431,Thomas Saggese,STL,"2B,3B,SS",2B,"2B,3B,SS,IF,Util"
12177,Tink Hence,STL,SP,SP,"SP,P,NA"
61888,Victor Scott II,STL,CF,CF,"CF,OF,Util"
12250,Yohel Pozo,STL,C,C,"C,Util"
11840,Zack Thompson,STL,P,P,"P,NA"
10880,Alex Faedo,TB,"SP,RP",SP,"SP,RP,P,IL"
63132,Ben Williamson,TB,3B,3B,"3B,IF,Util"
12767,Blake Sabol,TB,C,C,"C,Util,NA"
64093,Bob Seymour,TB,1B,1B,"1B,IF,Util,NA"
63947,Brian Van Belle,TB,"SP,RP",SP,"SP,RP,P,NA"
11998,Bryan Baker,TB,RP,RP,"RP,P"
61577,Cam Booser,TB,RP,RP,"RP,P,NA"
12556,Carson Williams,TB,SS,SS,"SS,IF,Util,NA"
60420,Chandler Simpson,TB,"LF,CF",LF,"LF,CF,OF,Util"
60689,Coco Montes,TB,"2B,3B",2B,"2B,3B,IF,Util,NA"
11482,Edwin Uceta,TB,RP,RP,"RP,P"
61688,Evan Reifert,TB,RP,RP,"RP,P,NA"
10479,Forrest Whitley,TB,RP,RP,"RP,P,NA"
11704,Garrett Cleavinger,TB,RP,RP,"RP,P"
61839,Hunter Bigge,TB,RP,RP,"RP,P,IL"
61268,Hunter Feduccia,TB,C,C,"C,Util"
60418,Ian Seymour,TB,"SP,RP",SP,"SP,RP,P"
60184,Jacob Melton,TB,"LF,CF",LF,"LF,CF,OF,Util,NA"
11568,Jake Fraley,TB,"LF,RF",LF,"LF,RF,OF,Util"
11542,Jake Woodford,TB,"SP,RP",SP,"SP,RP,P,NA"
60630,Jesse Scholtens,TB,"SP,RP",SP,"SP,RP,P,NA"
60134,Joe Boyle,TB,SP,SP,"SP,P"
12408,Joe Rock,TB,SP,SP,"SP,P,NA"
11481,John Rooney,TB,RP,RP,"RP,P,IL"
12309,Jonathan Aranda,TB,"1B,2B",1B,"1B,2B,IF,Util"
12726,Jonny DeLuca,TB,"LF,CF,RF",LF,"LF,CF,RF,OF,Util,IL"
60419,Junior Caminero,TB,3B,3B,"3B,IF,Util"
60173,Justyn-Henry Malloy,TB,"LF,RF",LF,"LF,RF,OF,Util"
12768,Kevin Kelly,TB,RP,RP,"RP,P"
11810,Logan Davidson,TB,"1B,2B,3B,SS,RF",1B,"1B,2B,3B,SS,IF,RF,OF,Util,NA"
60885,Logan Driscoll,TB,C,C,"C,Util,IL"
61779,Luis Guerrero,TB,RP,RP,"RP,P,NA"
11699,Manuel Rodríguez,TB,RP,RP,"RP,P,IL"
11551,Mason Englert,TB,RP,RP,"RP,P"
12271,Nick Fortes,TB,C,C,"C,Util"
12316,Richie Palacios,TB,"2B,LF,CF,RF",2B,"2B,IF,LF,CF,RF,OF,Util"
12036,Ryan Pepiot,TB,SP,SP,"SP,P"
10875,Ryan Vilade,TB,"LF,RF",LF,"LF,RF,OF,Util"
12307,Steven Wilson,TB,RP,RP,"RP,P"
11891,Taylor Walls,TB,SS,SS,"SS,IF,Util,IL"
60246,Victor Mesa Jr.,TB,RF,RF,"RF,OF,Util,NA"
11806,Yoendrys Gómez,TB,"SP,RP",SP,"SP,RP,P"
11945,Alan Trejo,TEX,"2B,SS",2B,"2B,SS,IF,Util,NA"
60436,Alejandro Osuna,TEX,"LF,CF,RF",LF,"LF,CF,RF,OF,Util"
11006,Austin Gomber,TEX,SP,SP,"SP,P,NA"
61737,Caleb Boushley,TEX,RP,RP,"RP,P,NA"
60440,Cody Bradford,TEX,SP,SP,"SP,P,IL"
61591,Cody Freeman,TEX,"2B,3B",2B,"2B,3B,IF,Util"
11404,Cole Winn,TEX,RP,RP,"RP,P"
12619,Dairon Blanco,TEX,"LF,CF,RF",LF,"LF,CF,RF,OF,Util,NA"
60626,Declan Cronin,TEX,RP,RP,"RP,P,NA"
60433,Emiliano Teodo,TEX,SP,SP,"SP,P,NA"
12563,Evan Carter,TEX,"LF,CF,RF",LF,"LF,CF,RF,OF,Util,IL"
11886,Ezequiel Duran,TEX,"1B,2B,3B,SS,LF",1B,"1B,2B,3B,SS,IF,LF,OF,Util"
12561,Jack Leiter,TEX,SP,SP,"SP,P"
12086,Jacob Latz,TEX,"SP,RP",SP,"SP,RP,P"
10877,Jake Burger,TEX,"1B,3B",1B,"1B,3B,IF,Util"
12319,Jonah Bride,TEX,"1B,3B",1B,"1B,3B,IF,Util,NA"
63483,Jose Corniell,TEX,SP,SP,"SP,P,NA"
12292,Jose Herrera,TEX,C,C,"C,Util,NA"
11850,Josh Jung,TEX,3B,3B,"3B,IF,Util"
11214,Josh Sborz,TEX,RP,RP,"RP,P,IL"
12562,Josh Smith,TEX,"1B,3B,SS,LF,RF",1B,"1B,3B,SS,IF,LF,RF,OF,Util"
12080,Justin Foscue,TEX,IF,IF,"IF,Util,NA"
60427,Kumar Rocker,TEX,SP,SP,"SP,P"
62601,Luis Curvelo,TEX,RP,RP,"RP,P"
60438,Marc Church,TEX,RP,RP,"RP,P,NA"
12105,Mason Thompson,TEX,RP,RP,"RP,P,NA"
60276,Michael Helman,TEX,CF,CF,"CF,OF,Util"
61285,Michel Otañez,TEX,RP,RP,"RP,P,NA"
12020,Nabil Crismatt,TEX,"SP,RP",SP,"SP,RP,P,NA"
10892,Nick Pratto,TEX,1B,1B,"1B,IF,Util,NA"
60615,Robert Garcia,TEX,RP,RP,"RP,P"
11647,Sam Haggerty,TEX,"LF,CF",LF,"LF,CF,OF,Util,IL"
10469,Tyler Alexander,TEX,"SP,RP",SP,"SP,RP,P"
61832,Walter Pennington,TEX,RP,RP,"RP,P,NA"
12066,Willie MacIver,TEX,C,C,"C,Util,NA"
63638,Winston Santos,TEX,SP,SP,"SP,P,NA"
62973,Wyatt Langford,TEX,"LF,CF",LF,"LF,CF,OF,Util"
12535,Adam Macko,TOR,SP,SP,"SP,P,NA"
12741,Addison Barger,TOR,"3B,LF,RF",3B,"3B,IF,LF,RF,OF,Util"
63533,Angel Bastardo,TOR,SP,SP,"SP,P,IL"
12085,Bowden Francis,TOR,"SP,RP",SP,"SP,RP,P,IL"
11479,Braydon Fisher,TOR,RP,RP,"RP,P"
10861,Brendon Little,TOR,RP,RP,"RP,P"
61797,CJ Stubbs,TOR,C,C,"C,Util,NA"
61754,Caleb Freeman,TOR,RP,RP,"RP,P,NA"
61588,Chase Lee,TOR,RP,RP,"RP,P"
11518,Connor Seabold,TOR,"SP,RP",SP,"SP,RP,P,NA"
61681,Davis Schneider,TOR,"2B,LF",2B,"2B,IF,LF,OF,Util"
61880,Easton Lucas,TOR,"SP,RP",SP,"SP,RP,P,NA"
11892,Ernie Clement,TOR,"1B,2B,3B,SS",1B,"1B,2B,3B,SS,IF,Util"
62903,Jake Bloss,TOR,SP,SP,"SP,P,NA"
10951,Jesús Sánchez,TOR,"LF,CF,RF",LF,"LF,CF,RF,OF,Util"
60000,Jonatan Clase,TOR,"LF,CF",LF,"LF,CF,OF,Util,NA"
11344,Jorge Alcala,TOR,RP,RP,"RP,P,NA"
12329,Josh Winckowski,TOR,"SP,RP",SP,"SP,RP,P,NA"
65106,Lazaro Estrada,TOR,"SP,RP",SP,"SP,RP,P"
11558,Leo Jiménez,TOR,"2B,SS",2B,"2B,SS,IF,Util"
12695,Louis Varland,TOR,"SP,RP",SP,"SP,RP,P"
61987,Mason Fluharty,TOR,RP,RP,"RP,P"
12714,Nathan Lukes,TOR,"LF,CF,RF",LF,"LF,CF,RF,OF,Util"
12769,Nic Enright,TOR,RP,RP,"RP,P,NA"
62112,Rafael Lantigua,TOR,"2B,3B",2B,"2B,3B,IF,Util,NA"
12459,Robinson Piña,TOR,SP,SP,"SP,P,IL"
10180,Spencer Turnbull,TOR,"SP,RP",SP,"SP,RP,P,NA"
12199,Tommy Nance,TOR,RP,RP,"RP,P"
64320,Trey Yesavage,TOR,SP,SP,"SP,P"
11652,Tyler Heineman,TOR,C,C,"C,Util"
63645,Yariel Rodriguez,TOR,"SP,RP",SP,"SP,RP,P,NA"
60410,Andre Granillo,WSH,RP,RP,"RP,P"
63960,Andrew Alvarez,WSH,SP,SP,"SP,P,NA"
11860,Andry Lara,WSH,"SP,RP",SP,"SP,RP,P,NA"
61382,Andrés Chaparro,WSH,1B,1B,"1B,IF,Util"
65104,Brad Lord,WSH,"SP,RP",SP,"SP,RP,P"
12580,Brady House,WSH,3B,3B,"3B,IF,Util"
11822,CJ Abrams,WSH,SS,SS,"SS,IF,Util"
12007,Cade Cavalli,WSH,SP,SP,"SP,P"
12014,Clayton Beeter,WSH,RP,RP,"RP,P"
12182,Cole Henry,WSH,"SP,RP",SP,"SP,RP,P"
63299,DJ Herz,WSH,SP,SP,"SP,P,IL"
12582,Daylen Lile,WSH,"LF,RF",LF,"LF,RF,OF,Util"
12587,Drew Millas,WSH,C,C,"C,Util,IL"
62971,Dylan Crews,WSH,"CF,RF",CF,"CF,RF,OF,Util"
12772,Gus Varland,WSH,RP,RP,"RP,P,IL"
12532,Harry Ford,WSH,C,C,"C,Util"
11863,Jackson Rutledge,WSH,"SP,RP",SP,"SP,RP,P"
62138,Jacob Young,WSH,CF,CF,"CF,OF,Util"
63309,Jake Eder,WSH,RP,RP,"RP,P,NA"
11560,Jake Irvin,WSH,SP,SP,"SP,P"
12521,James Wood,WSH,LF,LF,"LF,OF,Util"
11857,Joan Adon,WSH,RP,RP,"RP,P,IL"
12589,Joey Wiemer,WSH,"LF,CF,RF",LF,"LF,CF,RF,OF,Util"
12318,José Tena,WSH,"2B,3B",2B,"2B,3B,IF,Util"
10976,Julian Fernández,WSH,RP,RP,"RP,P"
12495,Ken Waldichuk,WSH,"SP,RP",SP,"SP,RP,P"
10964,Luis García Jr.,WSH,2B,2B,"2B,IF,Util"
60114,Luis Perales,WSH,SP,SP,"SP,P,NA"
12777,Matt Mervis,WSH,1B,1B,"1B,IF,Util,NA"
12585,Mitchell Parker,WSH,SP,SP,"SP,P,NA"
11785,Nasim Nuñez,WSH,"2B,SS",2B,"2B,SS,IF,Util"
11407,Orelvis Martinez,WSH,2B,2B,"2B,IF,Util,NA"
64784,Orlando Ribalta,WSH,RP,RP,"RP,P"
62678,PJ Poulin,WSH,RP,RP,"RP,P"
65397,Paxton Schultz,WSH,"SP,RP",SP,"SP,RP,P"
11997,Riley Adams,WSH,C,C,"C,Util,NA"
11984,Robert Hassell III,WSH,"CF,RF",CF,"CF,RF,OF,Util"
63895,Sauryn Lao,WSH,RP,RP,"RP,P,NA"
11179,Sergio Alcántara,WSH,"2B,SS",2B,"2B,SS,IF,Util,NA"
65108,Shinnosuke Ogasawara,WSH,"SP,RP",SP,"SP,RP,P,NA"
10515,Stone Garrett,WSH,"LF,RF",LF,"LF,RF,OF,Util,NA"
60457,Trey Lipscomb,WSH,3B,3B,"3B,IF,Util,NA"
12721,Warming Bernabel,WSH,"1B,3B",1B,"1B,3B,IF,Util,NA"
63330,Zach Penrod,WSH,RP,RP,"RP,P,NA"
